Supplier Name,Supplier GSTIN,Invoice Number,Invoice Date,Taxable Value,IGST,CGST,SGST
Global Supplies Pvt Ltd,29AAACG1234H1Z5,INV-2026-0000,2026-04-17,36669.19,5940.4,0,0
Global Supplies Pvt Ltd,29AAACG1234H1Z5,INV-2026-0001,2026-04-20,37194.82,6695.07,0,0
Global Supplies Pvt Ltd,29AAACG1234H1Z5,INV-2026-0002,2026-04-02,26620.76,4791.74,0,0
Apex Logistics,07AAAAA0000A1Z5,INV-2026-0003,2026-04-22,45714.64,8228.64,0,0
Global Supplies Pvt Ltd,29AAACG1234H1Z5,INV-2026-0004,2026-04-20,22277.92,4010.03,0,0
Apex Logistics,07AAAAA0000A1Z5,INV-2026-0005,2026-04-25,6659.82,1198.77,0,0
Apex Logistics,07AAAAA0000A1Z5,INV-2026-0006,2026-04-04,14844.0,2671.92,0,0
Tech Corp India,27AAACT2727Q1ZW,INV-2026-0007,2026-04-24,45493.35,8188.8,0,0
Apex Logistics,07AAAAA0000A1Z5,INV-2026-0008,2026-04-20,36354.19,6543.75,0,0
Global Supplies Pvt Ltd,29AAACG1234H1Z5,INV-2026-0009,2026-04-08,7945.6,1287.19,0,0
Global Supplies Pvt Ltd,29AAACG1234H1Z5,INV-2026-0010,2026-04-30,17002.84,3060.51,0,0
Global Supplies Pvt Ltd,29AAACG1234H1Z5,INV-2026-0011,2026-04-23,38538.77,6936.98,0,0
Tech Corp India,27AAACT2727Q1ZW,INV-2026-0012,2026-05-01,43210.67,7777.92,0,0
Apex Logistics,07AAAAA0000A1Z5,INV-2026-0013,2026-04-23,32474.19,5845.35,0,0
Tech Corp India,27AAACT2727Q1ZW,INV-2026-0014,2026-04-18,45073.43,8113.22,0,0
Apex Logistics,07AAAAA0000A1Z5,INV-2026-0015,2026-04-12,42161.38,7589.05,0,0
Global Supplies Pvt Ltd,29AAACG1234H1Z5,INV-2026-0016,2026-04-18,27095.71,4877.23,0,0
Apex Logistics,07AAAAA0000A1Z5,INV-2026-0017,2026-04-25,33181.91,5972.74,0,0
Apex Logistics,07AAAAA0000A1Z5,INV-2026-0018,2026-04-16,5105.42,918.98,0,0
Apex Logistics,07AAAAA0000A1Z5,INV-2026-0019,2026-04-11,40031.42,7205.66,0,0
Global Supplies Pvt Ltd,29AAACG1234H1Z5,INV-2026-0020,2026-04-19,35820.29,6447.65,0,0
Global Supplies Pvt Ltd,29AAACG1234H1Z5,INV-2026-0021,2026-04-15,5750.55,1035.1,0,0
Global Supplies Pvt Ltd,29AAACG1234H1Z5,INV-2026-0022,2026-04-07,19575.64,3171.26,0,0
Tech Corp India,27AAACT2727Q1ZW,INV-2026-0023,2026-04-06,48482.78,8726.9,0,0
Global Supplies Pvt Ltd,29AAACG1234H1Z5,INV-2026-0024,2026-04-16,304.53,54.82,0,0
Apex Logistics,07AAAAA0000A1Z5,INV-2026-0025,2026-04-09,28847.02,4673.21,0,0
Global Supplies Pvt Ltd,29AAACG1234H1Z5,INV-2026-0026,2026-04-20,34734.51,6252.21,0,0
Apex Logistics,07AAAAA0000A1Z5,INV-2026-0027,2026-04-26,37852.09,6813.38,0,0
Tech Corp India,27AAACT2727Q1ZW,INV-2026-0028,2026-05-01,37597.8,6767.6,0,0
Tech Corp India,27AAACT2727Q1ZW,INV20260029,2026-04-04,15467.34,2784.12,0,0
Global Supplies Pvt Ltd,29AAACG1234H1Z5,INV-2026-0030,2026-04-04,39298.58,7073.74,0,0
Global Supplies Pvt Ltd,29AAACG1234H1Z5,INV-2026-0031,2026-04-13,39346.93,7082.45,0,0
Apex Logistics,07AAAAA0000A1Z5,INV-2026-0032,2026-04-22,44757.72,8056.39,0,0
Apex Logistics,07AAAAA0000A1Z5,INV-2026-0033,2026-04-16,1336.91,240.64,0,0
Apex Logistics,07AAAAA0000A1Z5,INV-2026-0034,2026-04-13,46244.92,8324.09,0,0
Tech Corp India,27AAACT2727Q1ZW,INV-2026-0035,2026-04-19,41208.31,7417.5,0,0
Apex Logistics,07AAAAA0000A1Z5,INV-2026-0036,2026-04-17,18584.44,3345.2,0,0
Tech Corp India,27AAACT2727Q1ZW,INV-2026-0037,2026-04-27,2880.35,466.61,0,0
Global Supplies Pvt Ltd,29AAACG1234H1Z5,INV-2026-0038,2026-04-23,42112.91,7580.32,0,0
Global Supplies Pvt Ltd,29AAACG1234H1Z5,INV-2026-0039,2026-04-24,2895.63,521.21,0,0
Tech Corp India,27AAACT2727Q1ZW,INV-2026-0040,2026-04-23,20047.74,3608.59,0,0
Tech Corp India,27AAACT2727Q1ZW,INV-2026-0041,2026-04-28,2713.4,488.41,0,0
Apex Logistics,07AAAAA0000A1Z5,INV-2026-0042,2026-04-04,4016.76,723.02,0,0
Tech Corp India,27AAACT2727Q1ZW,INV-2026-0043,2026-04-21,423.45,76.22,0,0
Tech Corp India,27AAACT2727Q1ZW,INV-2026-0044,2026-04-23,41192.28,6673.15,0,0
Apex Logistics,07AAAAA0000A1Z5,INV-2026-0045,2026-04-12,36241.24,6523.42,0,0
Global Supplies Pvt Ltd,29AAACG1234H1Z5,INV-2026-0046,2026-04-02,32524.97,5854.49,0,0
Tech Corp India,27AAACT2727Q1ZW,INV20260047,2026-04-05,24907.96,4483.43,0,0
Apex Logistics,07AAAAA0000A1Z5,INV-2026-0048,2026-04-11,30772.73,5539.09,0,0
Global Supplies Pvt Ltd,29AAACG1234H1Z5,INV-2026-0049,2026-04-06,3310.06,595.81,0,0
Global Supplies Pvt Ltd,29AAACG1234H1Z5,INV20260050,2026-05-01,28993.5,5218.83,0,0
Tech Corp India,27AAACT2727Q1ZW,INV-2026-0051,2026-04-16,243.14,43.77,0,0
Tech Corp India,27AAACT2727Q1ZW,INV-2026-0052,2026-04-02,9055.69,1630.02,0,0
Apex Logistics,07AAAAA0000A1Z5,INV20260053,2026-04-27,49110.15,8839.83,0,0
Apex Logistics,07AAAAA0000A1Z5,INV-2026-0054,2026-04-27,27639.32,4975.08,0,0
Global Supplies Pvt Ltd,29AAACG1234H1Z5,INV-2026-0055,2026-04-08,40104.38,7218.79,0,0
Tech Corp India,27AAACT2727Q1ZW,INV-2026-0056,2026-04-03,20283.92,3651.11,0,0
Apex Logistics,07AAAAA0000A1Z5,INV-2026-0057,2026-04-03,43300.62,7794.11,0,0
Global Supplies Pvt Ltd,29AAACG1234H1Z5,INV-2026-0058,2026-04-30,48806.82,8785.23,0,0
Tech Corp India,27AAACT2727Q1ZW,INV-2026-0059,2026-04-11,32984.13,5937.14,0,0
Tech Corp India,27AAACT2727Q1ZW,INV20260060,2026-04-02,21343.67,3841.86,0,0
Apex Logistics,07AAAAA0000A1Z5,INV-2026-0061,2026-04-08,7672.54,1381.06,0,0
Apex Logistics,07AAAAA0000A1Z5,INV-2026-0062,2026-04-01,37602.29,6768.41,0,0
Apex Logistics,07AAAAA0000A1Z5,INV-2026-0063,2026-04-04,3707.05,667.27,0,0
Tech Corp India,27AAACT2727Q1ZW,INV-2026-0064,2026-04-16,24833.37,4470.01,0,0
Tech Corp India,27AAACT2727Q1ZW,INV-2026-0065,2026-04-05,18550.27,3339.05,0,0
Global Supplies Pvt Ltd,29AAACG1234H1Z5,INV20260066,2026-04-01,20956.52,3772.17,0,0
Tech Corp India,27AAACT2727Q1ZW,INV-2026-0067,2026-04-23,47819.99,8607.6,0,0
Tech Corp India,27AAACT2727Q1ZW,INV-2026-0068,2026-05-01,38829.85,6989.37,0,0
Global Supplies Pvt Ltd,29AAACG1234H1Z5,INV-2026-0069,2026-04-07,37503.68,6750.66,0,0
Global Supplies Pvt Ltd,29AAACG1234H1Z5,INV-2026-0070,2026-04-15,28681.99,5162.76,0,0
Tech Corp India,27AAACT2727Q1ZW,INV-2026-0071,2026-04-20,24582.28,4424.81,0,0
Global Supplies Pvt Ltd,29AAACG1234H1Z5,INV-2026-0072,2026-04-06,38384.59,6218.31,0,0
Apex Logistics,07AAAAA0000A1Z5,INV-2026-0073,2026-04-14,28038.77,5046.98,0,0
Global Supplies Pvt Ltd,29AAACG1234H1Z5,INV-2026-0074,2026-04-18,26721.64,4809.9,0,0
Apex Logistics,07AAAAA0000A1Z5,INV-2026-0075,2026-04-15,28318.65,4587.62,0,0
Tech Corp India,27AAACT2727Q1ZW,INV-2026-0076,2026-04-14,9499.23,1709.86,0,0
Apex Logistics,07AAAAA0000A1Z5,INV-2026-0077,2026-04-07,24512.39,4412.23,0,0
Tech Corp India,27AAACT2727Q1ZW,INV-2026-0078,2026-04-07,22161.03,3988.99,0,0
Global Supplies Pvt Ltd,29AAACG1234H1Z5,INV-2026-0079,2026-04-30,5209.32,937.68,0,0
Tech Corp India,27AAACT2727Q1ZW,INV-2026-0080,2026-04-30,11128.47,2003.12,0,0
Apex Logistics,07AAAAA0000A1Z5,INV-2026-0081,2026-04-24,18911.55,3404.08,0,0
Global Supplies Pvt Ltd,29AAACG1234H1Z5,INV-2026-0082,2026-04-14,46515.56,8372.8,0,0
Apex Logistics,07AAAAA0000A1Z5,INV20260083,2026-04-11,46552.8,8379.5,0,0
Global Supplies Pvt Ltd,29AAACG1234H1Z5,INV-2026-0084,2026-04-01,15824.11,2848.34,0,0
Tech Corp India,27AAACT2727Q1ZW,INV-2026-0085,2026-04-29,49655.03,8044.12,0,0
Global Supplies Pvt Ltd,29AAACG1234H1Z5,INV-2026-0086,2026-04-22,36115.92,6500.87,0,0
Apex Logistics,07AAAAA0000A1Z5,INV-2026-0087,2026-04-19,20134.93,3624.29,0,0
Global Supplies Pvt Ltd,29AAACG1234H1Z5,INV-2026-0088,2026-04-23,11655.41,2097.97,0,0
Tech Corp India,27AAACT2727Q1ZW,INV-2026-0089,2026-04-17,44999.53,8099.92,0,0
Tech Corp India,27AAACT2727Q1ZW,INV-2026-0090,2026-04-14,34412.26,6194.21,0,0
Tech Corp India,27AAACT2727Q1ZW,INV-2026-0091,2026-04-30,43422.23,7816.0,0,0
Tech Corp India,27AAACT2727Q1ZW,INV-2026-0092,2026-04-01,26743.35,4813.8,0,0
Tech Corp India,27AAACT2727Q1ZW,INV-2026-0093,2026-04-13,26330.99,4739.58,0,0
Tech Corp India,27AAACT2727Q1ZW,INV20260094,2026-04-03,28717.88,5169.22,0,0
Apex Logistics,07AAAAA0000A1Z5,INV-2026-0095,2026-04-17,33406.87,6013.24,0,0
Apex Logistics,07AAAAA0000A1Z5,INV-2026-0096,2026-04-19,49041.77,8827.52,0,0
Apex Logistics,07AAAAA0000A1Z5,INV-2026-0097,2026-04-10,17080.6,3074.51,0,0
Apex Logistics,07AAAAA0000A1Z5,INV-2026-0098,2026-04-08,44141.48,7945.47,0,0
Tech Corp India,27AAACT2727Q1ZW,INV-2026-0099,2026-04-16,43792.95,7882.73,0,0
Tech Corp India,27AAACT2727Q1ZW,INV-2026-0100,2026-04-23,17919.19,3225.45,0,0
Apex Logistics,07AAAAA0000A1Z5,INV-2026-0101,2026-04-29,31373.26,5647.19,0,0
Apex Logistics,07AAAAA0000A1Z5,INV-2026-0102,2026-04-11,41491.45,7468.46,0,0
Apex Logistics,07AAAAA0000A1Z5,INV-2026-0103,2026-04-15,18254.09,3285.74,0,0
Global Supplies Pvt Ltd,29AAACG1234H1Z5,INV20260104,2026-04-28,30375.9,5467.66,0,0
Global Supplies Pvt Ltd,29AAACG1234H1Z5,INV-2026-0105,2026-04-12,7917.7,1425.19,0,0
Global Supplies Pvt Ltd,29AAACG1234H1Z5,INV-2026-0106,2026-04-02,2319.26,417.47,0,0
Tech Corp India,27AAACT2727Q1ZW,INV-2026-0107,2026-04-25,32962.63,5933.27,0,0
Global Supplies Pvt Ltd,29AAACG1234H1Z5,INV-2026-0108,2026-04-01,25236.78,4542.62,0,0
Tech Corp India,27AAACT2727Q1ZW,INV-2026-0109,2026-04-02,46851.05,8433.19,0,0
Global Supplies Pvt Ltd,29AAACG1234H1Z5,INV-2026-0110,2026-04-20,5956.17,964.9,0,0
Global Supplies Pvt Ltd,29AAACG1234H1Z5,INV-2026-0111,2026-04-30,45278.61,8150.15,0,0
Global Supplies Pvt Ltd,29AAACG1234H1Z5,INV-2026-0112,2026-04-26,5447.65,980.58,0,0
Tech Corp India,27AAACT2727Q1ZW,INV-2026-0113,2026-04-22,37578.72,6764.17,0,0
Global Supplies Pvt Ltd,29AAACG1234H1Z5,INV-2026-0114,2026-04-13,44251.72,7965.31,0,0
Global Supplies Pvt Ltd,29AAACG1234H1Z5,INV-2026-0115,2026-04-14,48618.79,8751.38,0,0
Apex Logistics,07AAAAA0000A1Z5,INV-2026-0116,2026-04-18,21925.59,3946.61,0,0
Global Supplies Pvt Ltd,29AAACG1234H1Z5,INV-2026-0117,2026-04-08,15918.43,2865.32,0,0
Global Supplies Pvt Ltd,29AAACG1234H1Z5,INV-2026-0118,2026-04-29,19227.78,3461.0,0,0
Tech Corp India,27AAACT2727Q1ZW,INV-2026-0119,2026-04-17,4870.1,788.96,0,0
Apex Logistics,07AAAAA0000A1Z5,INV-2026-0120,2026-04-12,37661.54,6779.08,0,0
Tech Corp India,27AAACT2727Q1ZW,INV-2026-0121,2026-04-20,27753.83,4496.12,0,0
Global Supplies Pvt Ltd,29AAACG1234H1Z5,INV-2026-0122,2026-04-07,31760.43,5716.88,0,0
Global Supplies Pvt Ltd,29AAACG1234H1Z5,INV20260123,2026-04-04,15385.78,2769.44,0,0
Apex Logistics,07AAAAA0000A1Z5,INV-2026-0124,2026-04-28,26595.78,4787.24,0,0
Tech Corp India,27AAACT2727Q1ZW,INV-2026-0125,2026-04-30,7710.34,1387.86,0,0
Global Supplies Pvt Ltd,29AAACG1234H1Z5,INV20260126,2026-04-29,8552.84,1539.51,0,0
Apex Logistics,07AAAAA0000A1Z5,INV-2026-0127,2026-04-10,27208.55,4897.54,0,0
Tech Corp India,27AAACT2727Q1ZW,INV-2026-0128,2026-04-04,2197.99,395.64,0,0
Apex Logistics,07AAAAA0000A1Z5,INV-2026-0129,2026-04-13,4750.77,855.14,0,0
Global Supplies Pvt Ltd,29AAACG1234H1Z5,INV-2026-0130,2026-04-06,47680.91,8582.56,0,0
Apex Logistics,07AAAAA0000A1Z5,INV-2026-0131,2026-04-07,25292.52,4552.65,0,0
Apex Logistics,07AAAAA0000A1Z5,INV-2026-0132,2026-04-20,7746.63,1394.39,0,0
Tech Corp India,27AAACT2727Q1ZW,INV-2026-0133,2026-04-14,1805.3,292.45,0,0
Apex Logistics,07AAAAA0000A1Z5,INV-2026-0134,2026-04-06,8978.99,1616.22,0,0
Tech Corp India,27AAACT2727Q1ZW,INV-2026-0135,2026-04-14,41461.16,7463.01,0,0
Tech Corp India,27AAACT2727Q1ZW,INV-2026-0136,2026-04-13,43883.5,7109.13,0,0
Tech Corp India,27AAACT2727Q1ZW,INV-2026-0137,2026-04-17,16104.47,2608.92,0,0
Apex Logistics,07AAAAA0000A1Z5,INV20260138,2026-04-15,26816.58,4826.98,0,0
Global Supplies Pvt Ltd,29AAACG1234H1Z5,INV-2026-0139,2026-04-22,2575.82,417.28,0,0
Apex Logistics,07AAAAA0000A1Z5,INV-2026-0140,2026-04-22,8258.27,1486.49,0,0
Apex Logistics,07AAAAA0000A1Z5,INV-2026-0141,2026-04-04,7830.89,1409.56,0,0
Global Supplies Pvt Ltd,29AAACG1234H1Z5,INV-2026-0142,2026-04-04,32196.45,5795.36,0,0
Tech Corp India,27AAACT2727Q1ZW,INV-2026-0143,2026-04-26,39824.94,7168.49,0,0
Apex Logistics,07AAAAA0000A1Z5,INV-2026-0144,2026-04-19,8053.29,1304.63,0,0
Apex Logistics,07AAAAA0000A1Z5,INV-2026-0145,2026-04-07,37221.97,6699.95,0,0
Apex Logistics,07AAAAA0000A1Z5,INV-2026-0146,2026-04-16,1856.62,334.19,0,0
Global Supplies Pvt Ltd,29AAACG1234H1Z5,INV-2026-0147,2026-04-04,29862.27,5375.21,0,0
Global Supplies Pvt Ltd,29AAACG1234H1Z5,INV-2026-0148,2026-04-30,20467.73,3684.19,0,0
Tech Corp India,27AAACT2727Q1ZW,INV-2026-0149,2026-04-22,15004.11,2430.67,0,0
Global Supplies Pvt Ltd,29AAACG1234H1Z5,INV-2026-0150,2026-04-15,34229.21,6161.26,0,0
Apex Logistics,07AAAAA0000A1Z5,INV-2026-0151,2026-04-09,30075.07,4872.16,0,0
Apex Logistics,07AAAAA0000A1Z5,INV-2026-0152,2026-04-03,36248.75,6524.77,0,0
Global Supplies Pvt Ltd,29AAACG1234H1Z5,INV-2026-0153,2026-04-05,19545.4,3166.35,0,0
Apex Logistics,07AAAAA0000A1Z5,INV-2026-0154,2026-04-30,25757.08,4172.64,0,0
Apex Logistics,07AAAAA0000A1Z5,INV-2026-0155,2026-04-05,43190.6,7774.31,0,0
Global Supplies Pvt Ltd,29AAACG1234H1Z5,INV-2026-0156,2026-04-03,6358.07,1144.45,0,0
Apex Logistics,07AAAAA0000A1Z5,INV-2026-0157,2026-04-10,14288.66,2571.96,0,0
Apex Logistics,07AAAAA0000A1Z5,INV-2026-0158,2026-04-25,22293.49,4012.83,0,0
Tech Corp India,27AAACT2727Q1ZW,INV-2026-0159,2026-04-04,21860.27,3934.85,0,0
Global Supplies Pvt Ltd,29AAACG1234H1Z5,INV-2026-0160,2026-04-01,9780.92,1760.57,0,0
Tech Corp India,27AAACT2727Q1ZW,INV-2026-0161,2026-04-02,15719.29,2829.47,0,0
Tech Corp India,27AAACT2727Q1ZW,INV-2026-0162,2026-04-20,36911.21,6644.02,0,0
Apex Logistics,07AAAAA0000A1Z5,INV-2026-0163,2026-04-21,23213.74,4178.47,0,0
Global Supplies Pvt Ltd,29AAACG1234H1Z5,INV-2026-0164,2026-04-15,25497.3,4589.51,0,0
Global Supplies Pvt Ltd,29AAACG1234H1Z5,INV20260165,2026-04-02,45102.07,8118.37,0,0
Apex Logistics,07AAAAA0000A1Z5,INV-2026-0166,2026-04-08,30081.01,5414.58,0,0
Tech Corp India,27AAACT2727Q1ZW,INV-2026-0167,2026-04-23,5652.76,1017.5,0,0
Global Supplies Pvt Ltd,29AAACG1234H1Z5,INV20260168,2026-04-09,11681.38,2102.65,0,0
Apex Logistics,07AAAAA0000A1Z5,INV-2026-0169,2026-04-19,6051.57,1089.28,0,0
Apex Logistics,07AAAAA0000A1Z5,INV-2026-0170,2026-04-17,7565.46,1361.78,0,0
Global Supplies Pvt Ltd,29AAACG1234H1Z5,INV-2026-0171,2026-04-06,42866.33,7715.94,0,0
Global Supplies Pvt Ltd,29AAACG1234H1Z5,INV-2026-0172,2026-04-17,42124.38,7582.39,0,0
Tech Corp India,27AAACT2727Q1ZW,INV20260173,2026-04-04,26931.05,4847.59,0,0
Global Supplies Pvt Ltd,29AAACG1234H1Z5,INV-2026-0174,2026-04-14,7981.37,1436.65,0,0
Global Supplies Pvt Ltd,29AAACG1234H1Z5,INV-2026-0175,2026-04-06,48197.16,7807.94,0,0
Tech Corp India,27AAACT2727Q1ZW,INV-2026-0176,2026-04-23,38083.36,6855.0,0,0
Global Supplies Pvt Ltd,29AAACG1234H1Z5,INV-2026-0177,2026-04-12,38697.84,6965.61,0,0
Global Supplies Pvt Ltd,29AAACG1234H1Z5,INV-2026-0178,2026-04-25,12288.66,2211.96,0,0
Apex Logistics,07AAAAA0000A1Z5,INV20260179,2026-04-12,33066.91,5952.04,0,0
Tech Corp India,27AAACT2727Q1ZW,INV-2026-0180,2026-04-19,3619.63,651.53,0,0
Apex Logistics,07AAAAA0000A1Z5,INV-2026-0181,2026-04-08,47129.63,8483.33,0,0
Tech Corp India,27AAACT2727Q1ZW,INV-2026-0182,2026-04-29,9011.09,1622.0,0,0
Apex Logistics,07AAAAA0000A1Z5,INV-2026-0183,2026-04-15,14620.28,2631.65,0,0
Global Supplies Pvt Ltd,29AAACG1234H1Z5,INV-2026-0184,2026-04-20,36019.36,6483.48,0,0
Global Supplies Pvt Ltd,29AAACG1234H1Z5,INV-2026-0185,2026-04-01,14939.96,2689.19,0,0
Tech Corp India,27AAACT2727Q1ZW,INV-2026-0186,2026-04-13,45396.29,8171.33,0,0
Global Supplies Pvt Ltd,29AAACG1234H1Z5,INV20260187,2026-04-19,48128.82,8663.19,0,0
Global Supplies Pvt Ltd,29AAACG1234H1Z5,INV-2026-0188,2026-04-15,33636.4,6054.55,0,0
Tech Corp India,27AAACT2727Q1ZW,INV-2026-0189,2026-04-21,15173.69,2731.26,0,0
Apex Logistics,07AAAAA0000A1Z5,INV-2026-0190,2026-04-09,23937.82,4308.81,0,0
Global Supplies Pvt Ltd,29AAACG1234H1Z5,INV20260191,2026-04-28,11603.99,2088.72,0,0
Tech Corp India,27AAACT2727Q1ZW,INV-2026-0192,2026-04-10,33354.29,6003.77,0,0
Tech Corp India,27AAACT2727Q1ZW,INV-2026-0193,2026-04-30,30393.0,5470.74,0,0
Apex Logistics,07AAAAA0000A1Z5,INV-2026-0194,2026-05-01,21769.3,3918.47,0,0
Apex Logistics,07AAAAA0000A1Z5,INV-2026-0195,2026-04-04,6403.18,1152.57,0,0
Apex Logistics,07AAAAA0000A1Z5,INV-2026-0196,2026-04-30,36809.37,6625.69,0,0
Global Supplies Pvt Ltd,29AAACG1234H1Z5,INV-2026-0197,2026-05-01,39909.47,7183.7,0,0
Global Supplies Pvt Ltd,29AAACG1234H1Z5,INV-2026-0198,2026-04-02,25522.31,4594.02,0,0
Tech Corp India,27AAACT2727Q1ZW,INV-2026-0199,2026-04-14,40477.76,7286.0,0,0
